<?xml version="1.0" encoding="UTF-8"?>
<project-private xmlns="http://www.netbeans.org/ns/project-private/1">
    <open-files xmlns="http://www.netbeans.org/ns/projectui-open-files/1">
        <file>file:/C:/Documents%20and%20Settings/uc90703/My%20Documents/NetBeansProjects/SampleWebApp/web/addEmployee.jsp</file>
        <file>file:/C:/Documents%20and%20Settings/uc90703/My%20Documents/NetBeansProjects/SampleWebApp/web/adminHomePage.jsp</file>
        <file>file:/C:/Documents%20and%20Settings/uc90703/My%20Documents/NetBeansProjects/SampleWebApp/web/employeeDetails.jsp</file>
        <file>file:/C:/Documents%20and%20Settings/uc90703/My%20Documents/NetBeansProjects/SampleWebApp/web/loginPage.html</file>
        <file>file:/C:/Documents%20and%20Settings/uc90703/My%20Documents/NetBeansProjects/SampleWebApp/web/outputPage.jsp</file>
    </open-files>
</project-private>
